"place","longtitude","lattitude","count","region"
"網走監獄博物館","43.99569750000001","144.22933","10","北海道"
"層雲峽","43.7251493","142.95241830000003","149","北海道"
"阿寒湖","43.45725849999999","144.1040147","106","北海道"
"千歲空港","42.7925942","141.6704785","88","北海道"
"鄂霍次克海","44.355883","143.357031","45","北海道"
"宗谷海峽","45.5671101","141.91084809999998","7","北海道"
"庫頁島","50.6909848","142.9505689","26","北海道"
"金森倉庫群","41.7664529","140.7170603","83","北海道"
"函館山","41.7591885","140.7040461","258","北海道"
"洞爺湖","42.625499","140.8433144","179","北海道"
"五稜郭","41.7971839","140.75683069999997","143","北海道"
"狸小路","43.0573708","141.3537649","235","北海道"
"北海道神宮","43.0542729","141.3076588","116","北海道"
"石狩川","43.5101088","142.0648573","13","北海道"
"屈斜路湖","43.603842","144.3254063","58","北海道"
"摩周湖","43.580410799999996","144.5334891","73","北海道"
"網走湖","43.9643113","144.17639730000002","20","北海道"
"佐呂間湖","44.1312174","143.80247690000002","6","北海道"
"能取湖","44.0593087","144.151037","8","北海道"
"松前城","41.429875","140.108449","13","北海道"
"羊之丘展望台","42.999047999999995","141.394507","29","北海道"
"熊牧場","42.4903155","141.15909209999998","68","北海道"
"舊道廳","43.063942100000006","141.3479939","55","北海道"
"昭和新山","42.533333299999995","140.8666667","49","北海道"
"登別地獄谷","42.497623100000006","141.14866030000002","41","北海道"
"函館空港","41.775704299999994","140.81582219999999","23","北海道"
"五稜郭公園","41.7971839","140.75683069999997","66","北海道"
"支笏","42.757023499999995","141.32457140000002","21","北海道"
"旭山動物園","43.768425","142.48008000000002","167","北海道"
"利尻島","45.200423799999996","141.222042","25","北海道"
"時計台","43.062562","141.35365","127","北海道"
"札幌電視塔","43.061105","141.35643230000002","58","北海道"
"幣舞橋","42.981181","144.38552980000003","20","北海道"
"然別湖","43.27226870000001","143.1181803","17","北海道"
"支笏湖","42.757023499999995","141.32457140000002","43","北海道"
"青函隧道","41.177495799999996","140.4595863","26","北海道"
"帶廣神社","42.930777","143.20934","3","北海道"
"十勝川","42.9328644","143.2969324","26","北海道"
"明治館","41.7665523","140.7187841","33","北海道"
"伊達時代村","42.463613099999996","141.1598655","40","北海道"
"知床國立公園","44.3200338","145.33988369999997","5","北海道"
"洞爺湖展望台","42.625816","140.799851","9","北海道"
"昆布館","41.9242619","140.6573638","8","北海道"
"北一哨子館","43.19203479999999","141.0069099","11","北海道"
"小樽水族館","43.2369305","141.01191430000003","7","北海道"
"橫丁市場","41.772731","140.72557719999998","7","北海道"
"禮文島","45.3922768","141.01503630000002","22","北海道"
"上川神社","43.75230429999999","142.3647392","1","北海道"
"八食中心","40.5264794","141.4527773","11","東北"
"新青森","40.8284185","140.6935698","132","東北"
"八戶","40.5122839","141.4883986","111","東北"
"津輕","41.6323638","140.6910465","86","東北"
"新函館北斗","41.90469829999999","140.6483763","27","東北"
"白石城","38.0025667","140.6171274","19","東北"
"山寺","38.3109799","140.43540869999998","167","東北"
"仙台城","38.2520916","140.85592749999998","45","東北"
"藏王狐狸村","38.04082929999999","140.5303604","17","東北"
"吾妻山","37.7333333","140.2","5","東北"
"秋保溫泉","38.22737070000001","140.720222","5","東北"
"銀山溫泉","38.570404100000005","140.5304678","62","東北"
"立石寺","38.3118411","140.43485259999997","18","東北"
"五大堂","38.3697036","141.0641668","75","東北"
"藏王高原","38.1089967","140.46467109999998","8","東北"
"藏王纜車","38.1089967","140.46467109999998","14","東北"
"田澤湖","39.7168527","140.6544861","105","東北"
"函館朝市","41.772608500000004","140.725399","121","東北"
"函館山夜景","41.7591885","140.7040461","60","東北"
"弘前公園","40.6047838","140.4635994","42","東北"
"弘前城","40.6074516","140.4641804","98","東北"
"蘋果公園","40.5890754","140.442905","13","東北"
"盛岡城跡公園","39.6999503","141.150112","29","東北"
"毛越寺","38.988471000000004","141.107241","34","東北"
"中尊寺","39.001735499999995","141.102596","48","東北"
"平泉町","38.9866623","141.1138219","10","東北"
"金色堂","39.001363","141.099877","20","東北"
"陸奧","40.523177000000004","141.527582","45","東北"
"奧入瀨溪流","40.526098299999994","140.9742881","45","東北"
"瑞巖寺","38.372221100000004","141.0597324","24","東北"
"千秋公園","39.72195900000001","140.1237635","38","東北"
"武家屋敷","38.007721999999994","140.611349","113","東北"
"久保田城","39.7224843","140.1239421","19","東北"
"角館武家屋敷","39.5981205","140.5620668","29","東北"
"秋田內陸","39.743990000000004","140.59028899999998","47","東北"
"十二湖","40.5605219","139.98486450000001","36","東北"
"上杉神社","37.909301","140.104085","8","東北"
"觀光物產館","40.829640999999995","140.741043","17","東北"
"八甲田山","40.6563169","140.8936755","37","東北"
"奧入瀨溪","40.526098299999994","140.9742881","64","東北"
"乙女像","40.43297039999999","140.88973000000001","8","東北"
"酸湯溫泉","40.6506344","140.8504464","8","東北"
"青森睡魔","40.82962029999999","140.7359079","43","東北"
"鳴子峽","38.7351713","140.69036","43","東北"
"秋田縣立美術館","39.7174312","140.12152930000002","6","東北"
"安藤釀造","39.5906497","140.563716","12","東北"
"白神山","40.775265000000005","140.184561","32","東北"
"最上峽","38.7537526","140.0750619","4","東北"
"青柳家","39.6005343","140.5616909","21","東北"
"鳴子溫泉","38.7432842","140.7168278","34","東北"
"白石川堤","38.05003320000001","140.7384209","13","東北"
"最上川","38.606179600000004","140.09978669999998","26","東北"
"一番町","38.2641711","140.87103359999998","23","東北"
"鹽竈神社","38.318950799999996","141.0126496","7","東北"
"塩釜神社","38.318950799999996","141.0126496","3","東北"
"志波彥神社","38.318950799999996","141.0126496","2","東北"
"小岩井農場","39.75057460000001","141.01747450000002","15","東北"
"千疊敷","40.767741","140.054979","33","東北"
"蔦溫泉","40.596878499999995","140.9530593","10","東北"
"猊鼻溪","38.987703100000004","141.2612807","23","東北"
"五色沼","37.6520751","140.0784178","29","東北"
"豬苗代湖","37.4968398","140.0620321","12","東北"
"仙台空港","38.1397222","140.9169444","27","東北"
"三陸鐵道","40.189143","141.774013","19","東北"
"男鹿半島","39.915529","139.784545","15","東北"
"八幡平","39.9564765","141.071292","15","東北"
"盛岡城","39.6999503","141.150112","19","東北"
"八甲田纜車","40.6807149","140.8318126","5","東北"
"青森縣立美術館","40.8073424","140.7007501","9","東北"
"船岡城","38.055202799999996","140.75846940000002","8","東北"
"青葉城","38.2520916","140.85592749999998","20","東北"
"松岬公園","37.909352399999996","140.1048278","1","東北"
"東照宮","36.757171500000005","139.599984","216","東北"
"藤田紀念庭園","40.6038301","140.46122780000002","3","東北"
"會津若松城","37.4878198","139.9296657","13","東北"
"霞城","38.255430600000004","140.3280763","7","東北"
"氣仙沼","38.90807849999999","141.5699919","11","東北"
"弘前昇天教會","40.599394700000005","140.4732065","6","東北"
"弘前城植物園","40.606181","140.4660706","4","東北"
"龍泉洞","39.8601711","141.79691069999998","3","東北"
"山形城","38.254735499999995","140.3282366","15","東北"
"江刺藤原之鄉","39.1974459","141.1889988","1","東北"
"十和田八幡平","40.1817168","140.78555380000003","4","東北"
"稻荷神社","34.9671402","135.7726717","236","東北"
"小安峽","39.0060511","140.6646796","6","東北"
"津輕五所川原","40.809633899999994","140.4477764","5","東北"
"津輕鐵道","40.964841","140.44096100000002","15","東北"
"斜陽館","40.9026421","140.4553396","7","東北"
"太宰治紀念館","40.9026421","140.4553396","2","東北"
"睡魔之家","40.82962029999999","140.7359079","15","東北"
"黑石","40.616492","140.701454","10","東北"
"安比高原","40.0072149","140.9758378","6","東北"
"檜木內川堤","39.7017569","140.5542475","9","東北"
"城倉大橋","40.650471200000005","140.8257091","3","東北"
"出羽三山","38.702469799999996","139.9829248","4","東北"
"飯豐町","38.045826500000004","139.9875295","4","東北"
"月山","38.5489869","140.026868","11","東北"
"南田溫泉","40.588","140.57084","1","東北"
"青森屋","40.6617344","141.3554737","4","東北"
"上山溫泉","38.1581861","140.2733616","5","東北"
"無量光院跡","38.993472","141.11582280000002","3","東北"
"秋田空港","39.6119022","140.2198671","3","東北"
"種差海岸","40.508940100000004","141.6098542","2","東北"
"山形空港","38.410634","140.366448","3","東北"
"鶴之湯溫泉","39.805091299999994","140.7797083","3","東北"
"星野度假村","43.063565000000004","142.63136799999998","21","北海道"
"三澤","40.683133700000006","141.3689761","12","東北"
"岩出山城","38.654837799999996","140.86034809999998","2","東北"
"三內丸山","40.8114904","140.6973031","2","東北"
"男鹿真山傳承館","39.9286956","139.7666874","1","東北"
"上山城","38.157497","140.276198","4","東北"
"北野天滿宮","35.031401200000005","135.73512150000002","359","關西"
"天滿宮","36.08586079999999","139.717119","456","關西"
"延曆寺","35.070463399999994","135.8411275","67","關西"
"金閣寺","35.03937","135.7292431","858","關西"
"清水寺","34.9948561","135.78504630000003","1770","關西"
"琵琶湖","35.345639399999996","136.17090119999997","373","關西"
"三千院","35.1197018","135.834335","129","關西"
"貴船神社","35.12164070000001","135.7629062","156","關西"
"銀閣寺","35.0270213","135.7982058","494","關西"
"京都車站","34.985849","135.7587667","1340","關西"
"比叡山","35.0689027","135.8303282","175","關西"
"鞍馬寺","35.1179804","135.770981","100","關西"
"祇園","35.003794","135.777143","979","關西"
"錦市場","35.0045","135.76467639999998","574","關西"
"御堂筋","34.683597999999996","135.5007813","346","關西"
"通天閣","34.6524992","135.5063058","431","關西"
"河原町","35.003751","135.7687486","778","關西"
"二條城","35.0142299","135.74821799999998","182","關西"
"知恩院","35.0054141","135.7823785","190","關西"
"醍醐寺","34.951024","135.819563","215","關西"
"三寶院","34.952290000000005","135.819298","70","關西"
"鶴見綠地","34.710494","135.579996","47","關西"
"長谷寺","35.312464500000004","139.5330634","102","關西"
"神戶港","34.682629999999996","135.1866995","256","關西"
"奈良公園","34.685047","135.84301200000002","459","關西"
"八坂神社","35.0036559","135.7785534","542","關西"
"姬路城","34.839449","134.6939047","449","關西"
"好古園","34.8379444","134.68975419999998","100","關西"
"花見小路","35.00511470000001","135.77518469999998","515","關西"
"心齋橋","34.675057200000005","135.50037719999997","1161","關西"
"東大寺","34.688985100000004","135.8398158","767","關西"
"本能寺","35.0102837","135.7683044","91","關西"
"生田神社","34.694832","135.19069199999998","50","關西"
"嵐山","35.009449","135.666773","1257","關西"
"道頓堀","34.6687235","135.5012953","627","關西"
"LUCUA","34.7028884","135.4955467","15","關西"
"渡月橋","35.01287979999999","135.67775830000002","429","關西"
"伏見稻荷神社","34.9671402","135.7726717","96","關西"
"法善寺橫丁","34.66787670000001","135.502613","27","關西"
"關西空港","34.432002399999995","135.2303939","586","關西"
"天橋立","35.569802200000005","135.1918204","153","關西"
"天王寺動物園","34.65072680000001","135.50769580000002","53","關西"
"梅田空中庭園","34.705250899999996","135.4903263","116","關西"
"建仁寺","35.0007297","135.773822","93","關西"
"臨空城","34.410716","135.29955900000002","76","關西"
"天保山","34.658029799999994","135.4326491","233","關西"
"智恩寺","35.5587127","135.1838895","31","關西"
"神戶塔","34.682629999999996","135.1866995","79","關西"
"中之島公園","34.6924363","135.5078665","66","關西"
"大阪城公園","34.6823301","135.5306297","291","關西"
"日本橋","34.666703000000005","135.50628799999998","589","關西"
"海遊館","34.654518200000005","135.4289645","180","關西"
"全興寺","34.6232993","135.55539299999998","1","關西"
"天龍寺","35.0158275","135.673771","525","關西"
"北野異人館","34.6988804","135.18929719999997","224","關西"
"二尊院","35.0217831","135.66954840000002","75","關西"
"常寂光寺","35.019648","135.66867299999998","269","關西"
"寶嚴院","35.014788","135.673706","37","關西"
"下鴨神社","35.03874879999999","135.7729868","262","關西"
"二条城","35.0142299","135.74821799999998","264","關西"
"伏見城","34.9394641","135.7768161","53","關西"
"京都御所","35.0254135","135.7621246","190","關西"
"南禪寺","35.01137870000001","135.79376409999998","385","關西"
"禪林寺","35.014294899999996","135.795399","41","關西"
"道成寺","33.9144986","135.1745503","6","關西"
"熊野神社","37.864747799999996","140.5546804","61","關西"
"熊野那智大社","33.6688052","135.8898601","22","關西"
"熊野三山","33.7317956","135.9836435","23","關西"
"熊野古道","34.4631109","136.56539750000002","41","關西"
"高野山","34.216666700000005","135.58333330000002","88","關西"
"青岸渡寺","33.6691474","135.8898487","19","關西"
"熊野速玉大社","33.7317956","135.9836435","13","關西"
"熊野本宮大社","33.840532399999994","135.77361919999998","19","關西"
"長岡天満宮","34.92264","135.686925","2","關西"
"四天王寺","34.6533466","135.516491","161","關西"
"大阪城天守閣","34.6873153","135.5262013","172","關西"
"東福寺","34.9765117","135.77423269999997","331","關西"
"美山合掌村","36.2560756","136.90617959999997","6","關西"
"清涼寺","35.023498","135.674289","50","關西"
"海津大崎","35.4496526","136.0876132","35","關西"
"吉田神社","35.025377","135.784731","28","關西"
"城南宮","34.951083000000004","135.746509","24","關西"
"寂光院","35.1241","135.821045","45","關西"
"賀茂御祖神社","35.03874879999999","135.7729868","45","關西"
"河合神社","35.034778700000004","135.7719345","61","關西"
"東本願寺","34.991005200000004","135.7584791","146","關西"
"美山町","35.0668972","137.11786180000001","54","關西"
"美山町北村","35.311017799999995","135.6218781","5","關西"
"移情閣","34.630154","135.034399","29","關西"
"和歌山城","34.227616999999995","135.171464","77","關西"
"三井寺","35.0133609","135.8528507","23","關西"
"龍安寺","35.0344943","135.7182634","115","關西"
"仁和寺","35.03109370000001","135.7138198","137","關西"
"曼殊院","35.048905","135.802942","30","關西"
"高台寺","35.000768","135.781112","371","關西"
"泉湧寺","34.97804","135.78034169999998","9","關西"
"詩仙堂","35.0437249","135.7961294","46","關西"
"圓光寺","35.045091","135.797065","49","關西"
"圓山公園","35.003915","135.780895","143","關西"
"平等院","34.8892908","135.8076783","293","關西"
"春日大社","34.6813804","135.8483856","537","關西"
"春日神社","34.6813804","135.8483856","31","關西"
"中谷堂","34.6819414","135.8289186","91","關西"
"彥根城","35.272169","136.263278","163","關西"
"日本環球影城","34.665442","135.4323382","41","關西"
"萌黃館","34.7009691","135.1892665","20","關西"
"國立國際美術館","34.691763","135.4919418","6","關西"
"美國村","34.671951","135.498719","487","關西"
"大阪市立科學館","34.691216","135.491468","8","關西"
"野宮神社","35.0177597","135.6742103","301","關西"
"伏見稲荷大社","34.9671402","135.7726717","37","關西"
"平安神宮","35.0159823","135.7824263","394","關西"
"明石大橋","34.6174683","135.02167509999998","138","關西"
"摩賽克廣場","34.6802841","135.1842695","19","關西"
"東寺","34.981117700000006","135.74759640000002","184","關西"
"哲學之道","35.0214836","135.7942056","428","關西"
"廬山寺","35.0246213","135.76827849999998","9","關西"
"晴明神社","35.0277531","135.75138669999998","159","關西"
"舞子海上玻璃步道","34.630728999999995","135.03296799999998","2","關西"
"竹林之道","35.0177597","135.6742103","66","關西"
"龜岡駅","35.016689500000005","135.5824658","14","關西"
"嵐山駅","35.015230700000004","135.6777439","84","關西"
"宇治上神社","34.892068","135.81143899999998","125","關西"
"京都塔","34.987563","135.7593435","356","關西"
"一乘寺","35.044128","135.787383","57","關西"
"京都大學","35.026244399999996","135.7808218","120","關西"
"金剛峯寺","34.214149","135.584109","6","關西"
"隨心院","34.959276200000005","135.8164132","2","關西"
"車折神社","35.0160726","135.68894780000002","18","關西"
"靈山歷史館","34.998988","135.782617","7","關西"
"地主神社","34.9952134","135.78501459999998","421","關西"
"法觀寺","34.998554299999995","135.7792257","40","關西"
"金剛寺","34.4286309","135.52927490000002","14","關西"
"祇園甲部歌舞練場","35.0014632","135.77583969999998","5","關西"
"八坂庚申堂","34.998293200000006","135.7787313","18","關西"
"二寧坂","34.998121999999995","135.7808431","30","關西"
"美御前社","35.0037375","135.77904660000002","27","關西"
"八坂塔","34.998554299999995","135.7792257","97","關西"
"音羽瀑布","34.99443","135.78526100000002","74","關西"
"二月堂","34.689279","135.84428","121","關西"
"梅田車站","34.703945000000004","135.4976704","62","關西"
"射楯兵主神社","34.8340723","134.6966226","2","關西"
"大阪生活今昔館","34.710356","135.5116374","84","關西"
"上方浮世繪館","34.6679548","135.50215930000002","16","關西"
"紀州東照宮","34.1926349","135.16567859999998","3","關西"
"紀三井寺","34.185173","135.19002700000001","30","關西"
"猿澤池","34.6814297","135.831088","46","關西"
"平城宮跡","34.690710100000004","135.7942811","40","關西"
"若草山","34.6905984","135.8540178","112","關西"
"本願寺","34.991502000000004","135.751721","92","關西"
"法善寺","34.66787670000001","135.502613","64","關西"
"平野神社","35.0326171","135.73198469999997","116","關西"
"西大寺","34.6936143","135.7794983","64","關西"
"金峰神社","34.342595200000005","135.88182350000002","3","關西"
"伊勢神宮","34.455009999999994","136.72579299999998","137","關西"
"宇治平等院","34.8892908","135.8076783","51","關西"
"興福寺","34.682883000000004","135.83222709999998","239","關西"
"上賀茂神社","35.0592809","135.75252969999997","104","關西"
"大覺寺","35.028325","135.677803","74","關西"
"大阪造幣局","34.6959158","135.52173369999997","48","關西"
"橿原神宮","34.488352899999995","135.78697209999999","33","關西"
"吉水神社","34.3672776","135.8619503","14","關西"
"住吉大社","34.6127972","135.4929406","49","關西"
"法隆寺","34.6140766","135.7356826","77","關西"
"戎橋筋","34.6690539","135.50129619999998","39","關西"
"淡嶋神社","34.273680600000006","135.066521","6","關西"
"青蓮院","35.007312","135.783161","65","關西"
"善峰寺","34.938119799999996","135.6444644","7","關西"
"三十三間堂","34.9878845","135.7717126","169","關西"
"枚岡神社","34.6699515","135.6506858","3","關西"
"萬葉植物園","34.6822718","135.8445826","26","關西"
"東向商店街","34.6834052","135.8287521","26","關西"
"奈良國立博物館","34.6836091","135.8366504","26","關西"
"元興寺","34.677799","135.831298","33","關西"
"白鷺城","34.839449","134.6939047","56","關西"
"瀧原宮","34.3660446","136.4258865","1","關西"
"橋杭岩","33.488287400000004","135.79575680000002","6","關西"
"有馬溫泉","34.8","135.25","165","關西"
"佛光寺","35.001863","135.76293700000002","12","關西"
"萬博紀念公園","34.808246000000004","135.5323947","26","關西"
"若松公園","34.6555831","135.1439515","2","關西"
"格子之家","34.675011","135.830736","15","關西"
"頂法寺","35.007653000000005","135.760252","7","關西"
"円山公園","35.0038803","135.7809168","119","關西"
"竹林步道","35.017857","135.674247","82","關西"
"鹿苑寺","35.03937","135.7292431","120","關西"
"南宗寺","34.5690176","135.4685491","1","關西"
"高須神社","34.590533","135.485259","1","關西"
"大仙公園","34.559506400000004","135.4795344","1","關西"
"天神橋筋商店街","34.710555","135.511243","70","關西"
"大阪天滿宮","34.6960608","135.5126167","47","關西"
"豐國神社","34.991561","135.772476","94","關西"
"方廣寺","34.9921289","135.77201169999998","21","關西"
"圓月島","33.69007379999999","135.3364399","12","關西"
"三段壁洞窟","33.6654688","135.3352209","11","關西"
"依水園","34.6857015","135.8376667","3","關西"
"手向山八幡宮","34.687944200000004","135.844644","14","關西"
"金戒光明寺","35.019655","135.788019","23","關西"
"穴太寺","35.006628000000006","135.549222","1","關西"
"北野町廣場","34.701229600000005","135.189697","7","關西"
"千日前道具屋筋商店街","34.6637866","135.5035586","13","關西"
"大門坂","33.6712451","135.89747250000002","16","關西"
"潮岬","33.4479784","135.76141909999998","6","關西"
"大阪府咲洲行政大樓展望台","34.6382413","135.4149112","18","關西"
"勝尾寺","34.865862","135.491041","10","關西"
"箕面","34.826930100000006","135.4704626","31","關西"
"補陀洛山寺","33.6447321","135.93443369999997","4","關西"
"石塀小路","34.9999354","135.7797946","67","關西"
"浮御堂","35.109851299999995","135.9215934","5","關西"
"八幡堀","35.1397044","136.08996240000002","15","關西"
"開口神社","34.576881","135.47460700000002","1","關西"
"菅原神社","35.55911879999999","139.44727859999998","7","關西"
"西本願寺","34.991488000000004","135.751735","182","關西"
"上野城","34.770164","136.12711000000002","17","關西"
"賀茂別雷神社","35.0592809","135.75252969999997","22","關西"
"智積院","34.9873696","135.77642609999998","15","關西"
"石清水八幡宮","34.879676","135.700049","11","關西"
"鳳翔館","34.888699200000005","135.80739509999998","53","關西"
"安井金比羅宮","34.999949900000004","135.7758335","36","關西"
"涉成園","34.9914077","135.76323689999998","24","關西"
"等持院","35.0315558","135.7234521","5","關西"
"大德寺","35.043890999999995","135.74603000000002","26","關西"
"藥師寺","34.6686468","135.7845667","45","關西"
"唐招提寺","34.675561","135.7848334","37","關西"
"春日山原始林","34.6862549","135.8727157","7","關西"
"正倉院","34.6918398","135.8385791","11","關西"
"三室戶寺","34.900478799999995","135.8191935","28","關西"
"由岐神社","35.116246999999994","135.7715","19","關西"
"岡寺","34.471814","135.828321","5","關西"
"壺湯","33.8293221","135.7577832","11","關西"
"黑潮市場","34.15366220000001","135.1758928","25","關西"
"大齋原","33.840532399999994","135.77361919999998","6","關西"
"八大神社","35.043711","135.79673799999998","14","關西"
"出石城","35.4663614","134.8722142","4","關西"
"竹田城跡","35.3006044","134.82916809999998","18","關西"
"大坂城","34.6873153","135.5262013","38","關西"
"白濱溫泉","33.6759926","135.33736000000002","11","關西"
"水路閣","35.0105848","135.7938542","49","關西"
"寶山寺","34.684523299999995","135.68665900000002","3","關西"
"平安神宮神苑","35.0159823","135.7824263","17","關西"
"妙心寺","35.0231676","135.72018630000002","17","關西"
"靈鑑寺","35.02068","135.796316","2","關西"
"安樂寺","35.021570000000004","135.796119","15","關西"
"法然院","35.023984999999996","135.797415","42","關西"
"元伊勢籠神社","35.58278370000001","135.1967015","11","關西"
"成相寺","35.595586","135.187433","17","關西"
"神戶城","34.839449","134.6939047","2","關西"
"采女神社","34.681892","135.8302065","5","關西"
"華嚴寺","34.993595","135.68491","38","關西"
"hepfive","34.7040619","135.50029609999999","5","關西"
"奈良縣立美術館","34.6858874","135.83261299999998","1","關西"
"相國寺","35.03222120000001","135.7617219","43","關西"
"大阪市立美術館","34.6500639","135.51047169999998","7","關西"
"日吉大社","35.0729128","135.8650648","22","關西"
"雞足寺","35.509731","136.252915","7","關西"
"竹田城","35.3006044","134.82916809999998","27","關西"
"永観堂","35.014294899999996","135.795399","22","關西"
"松尾大社","34.999936","135.6849558","26","關西"
"金地院","35.010284000000006","135.79038799999998","4","關西"
"広隆寺","35.0155","135.7072898","1","關西"
"賀茂神社","35.0592809","135.75252969999997","4","關西"
"高雄神護寺","35.055025","135.670867","26","關西"
"神護寺","35.055025","135.670867","86","關西"
"法輪寺","35.010249","135.676984","21","關西"
"金剛峰寺","34.214149","135.584109","20","關西"
"源氏物語博物館","34.8938082","135.8103411","32","關西"
"梅宮大社","35.004141600000004","135.6949055","7","關西"
"飛鳥寺","34.478858","135.820216","9","關西"
"石舞台古墳","34.4668011","135.82613","3","關西"
"難波八阪神社","34.6616246","135.4966915","7","關西"
"心齋橋商店街","34.671117200000005","135.5013491","69","關西"
"阿倍野HARUKAS","34.64577379999999","135.51424319999998","31","關西"
"御金神社","35.0118244","135.7550064","6","關西"
"西芳寺","34.9919643","135.6833094","35","關西"
"苔寺","34.9919643","135.6833094","44","關西"
"八坂之塔","34.998554299999995","135.7792257","14","關西"
"長濱城","35.377623","136.261234","34","關西"
"岡山城","34.66519","133.936058","144","關西"
"籠神社","35.58278370000001","135.1967015","9","關西"
"勝浦溫泉","33.628121","135.94183600000002","4","關西"
"神倉神社","33.7222073","135.98278059999998","5","關西"
"長命寺","35.162737","136.0639489","4","關西"
"明石魚之棚","34.647184","134.992332","3","關西"
"明石城","34.652800899999995","134.9917886","14","關西"
"溫泉寺","35.505532","138.7601202","26","關西"
"青蓮寺","34.594845","136.11031699999998","6","關西"
"住吉神社","34.612435","135.493456","21","關西"
"南禅寺","35.01137870000001","135.79376409999998","25","關西"
"愛宕神社","35.6647566","139.7484781","19","關西"
"錦城","34.687306","135.526223","18","關西"
"曼殊院門跡","35.048905","135.802942","5","關西"
"西明寺","34.771251","136.1460843","43","關西"
"高山寺","35.06011910000001","135.6785729","46","關西"
"寶嚴寺","35.4215005","136.1432003","4","關西"
"竹生島神社","35.4207208","136.1440997","4","關西"
"桃山城","34.9394641","135.7768161","17","關西"
"竹生島","35.42319579999999","136.1440677","18","關西"
"玄宮園","35.277890000000006","136.2539424","23","關西"
"梨木神社","35.0243241","135.76747360000002","10","關西"
"室生寺","34.5365849","136.03955459999997","5","關西"
"那智大瀑布","33.6753307","135.8876181","1","關西"
"勝鬘院","34.657395","135.512582","1","關西"
"一澤信三郎帆布","35.0076293","135.7777482","13","關西"
"天満宮","36.08586079999999","139.717119","8","關西"
"阿闍梨餅本舗","35.030091299999995","135.7780658","2","關西"
"近江神宮","35.0321427","135.8523624","7","關西"
"北野天満宮","35.031401200000005","135.73512150000002","14","關西"
"化野念仏寺","35.026771999999994","135.664512","2","關西"
"山王美術館","34.6666563","135.49614440000002","1","關西"
"廣隆寺","35.0155","135.7072898","8","關西"
"萬福寺","34.9143064","135.8060418","6","關西"
"信樂町","34.877209","136.061337","4","關西"
"信樂陶藝村","34.877209","136.061337","1","關西"
"保津川峽谷","34.8833333","135.68333330000002","5","關西"
"龜岡城","35.013152399999996","135.6067005","4","關西"
"雄琴溫泉","35.097791","135.895289","11","關西"
"護王神社","35.022194","135.758999","24","關西"
"氷室神社","34.687703000000006","135.155893","5","關西"
"MIHO美術館","34.914865999999996","136.016165","11","關西"
"御香宮神社","34.93445800000001","135.76748999999998","6","關西"
"中宮寺","34.614967","135.739576","10","關西"
"法起寺","34.6229907","135.74622109999999","9","關西"
"串本海中公園","33.480827399999995","135.7448937","3","關西"
"伏見稻荷車站","34.9667789","135.77083369999997","12","關西"
"今宮戎神社","34.6553476","135.5024773","4","關西"
"六甲山人工滑雪場","34.767938","135.2425658","1","關西"
"西陣織會館","35.028764","135.751674","34","關西"
"安土城","35.15591920000001","136.13940559999998","31","關西"
"琵琶湖博物館","35.074246","135.935022","1","關西"
"壬生寺","35.001639000000004","135.743325","11","關西"
"金剛輪寺","35.16123890000001","136.2830541","4","關西"
"百濟寺","35.12688929999999","136.2887266","4","關西"
"石山寺","34.960875","135.9074343","17","關西"
"夙川公園","34.7355598","135.3289578","8","關西"
"郡山城","34.6513206","135.77937509999998","14","關西"
"伊都郡高野町","34.2160686","135.58653619999998","5","關西"
"京都大原三千院","35.1197018","135.834335","3","關西"
"日牟禮八幡宮","35.141045","136.08963300000002","10","關西"
"實相院","35.0790346","135.781519","3","關西"
"靈山寺","34.1594187","134.5029696","6","關西"
"浪速海洋時空館","34.6399609","135.4046006","2","關西"
"矢田寺","34.6495602","135.73651669999998","4","關西"
"率川神社","34.6812828","135.8257332","1","關西"
"橘寺","34.470103","135.817489","7","關西"
"道明寺","34.566978399999996","135.61395249999998","13","關西"
"須磨寺","34.6497464","135.1117864","2","關西"
"金峯山寺","34.3683744","135.858839","12","關西"
"玩具博物館","34.661162","135.505886","19","關西"
"善福寺","35.653565","139.732826","6","關西"
"龍神溫泉","33.956321","135.56211480000002","2","關西"
"六波羅蜜寺","34.9971067","135.7733534","6","關西"
"安土城跡","35.15591920000001","136.13940559999998","4","關西"
"猿田彥神社","34.4669514","136.7205067","7","關西"
"泉涌寺","34.97804","135.78034169999998","5","關西"
"月讀宮","34.4732445","136.7289814","3","關西"
"新藥師寺","34.675866","135.846177","9","關西"
"不退寺","34.694794","135.812521","2","關西"
"叡福寺","34.518258700000004","135.6391572","1","關西"
"法華寺","34.692496000000006","135.804226","1","關西"
"飛鳥坐神社","34.479735","135.8227354","3","關西"
"天王寺車站","34.6478416","135.5132226","14","關西"
"金剛山","34.419338","135.672856","13","關西"
"光悅寺","35.053412","135.730312","9","關西"
"淨土寺","34.864163500000004","134.9610983","9","關西"
"奥之院","34.223884000000005","135.613779","3","關西"
"大神神社","34.528786","135.8530022","14","關西"
"大阪天満宮","34.6960608","135.5126167","11","關西"
"伊賀流忍者博物館","34.7717255","136.1291159","11","關西"
"三角公園","34.6720876","135.49790480000001","11","關西"
"談山神社","34.4658783","135.86129230000003","10","關西"
"環球影城","34.665433","135.43236000000002","506","關西"
"靈山觀音","34.999707","135.78176200000001","12","關西"
"五箇山合掌","36.2560756","136.90617959999997","13","中部"
"金澤","36.56132540000001","136.6562051","531","中部"
"上高地","36.251320299999996","137.653235","247","中部"
"香林坊","36.565969200000005","136.6524052","53","中部"
"近江町市場","36.5716505","136.6561483","96","中部"
"黑部峽谷","36.5779485","137.666547","40","中部"
"高山陣屋","36.139631200000004","137.25760449999999","74","中部"
"立山黑部","36.5791439","137.5689341","218","中部"
"東尋坊","36.237653","136.125425","45","中部"
"河童橋","36.2488263","137.63786519999996","101","中部"
"大正池","36.228626","137.619463","93","中部"
"福井縣","36.065177899999995","136.22152690000001","35","中部"
"濱名湖","34.7331499","137.57666609999998","9","中部"
"富士山","35.3605555","138.7277777","1112","中部"
"箱根神社","35.204796","139.025388","112","中部"
"大井川鐵道","34.9578675","138.088223","9","中部"
"高田城","37.109915","138.255886","8","中部"
"新發田城","37.956596000000005","139.3256924","3","中部"
"春日山城","37.1466966","138.205557","18","中部"
"兼六園","36.5621278","136.66265149999998","232","中部"
"村上城","38.219912","139.48499119999997","2","中部"
"諏訪神社","35.5397101","139.3035425","27","中部"
"新潟縣","37.9025518","139.0230946","43","中部"
"白山神社","35.721949200000005","139.7505852","16","中部"
"彌彥神社","37.706708","138.826022","9","中部"
"名古屋城","35.1837661","136.9002939","197","中部"
"大須觀音","35.159796","136.89973500000002","71","中部"
"伊勢灣","34.70808710000001","136.7478493","15","中部"
"熱田神宮","35.1255575","136.908963","93","中部"
"夫婦岩","34.5073305","136.7918313","42","中部"
"鳥羽水族館","34.4815825","136.8456926","9","中部"
"松本城","36.23866599999999","137.9690221","167","中部"
"穗高連峰","36.2891666","137.6480555","48","中部"
"金澤城","36.563976000000004","136.65950669999998","125","中部"
"21世紀美術館","36.5608586","136.65819330000002","71","中部"
"東茶屋街","36.5726076","136.6664719","97","中部"
"名古屋港","35.0601255","136.84507019999998","18","中部"
"馬籠宿","35.5259586","137.5667784","21","中部"
"明治村","35.340314500000005","136.98883480000003","20","中部"
"名古屋電視塔","35.1723422","136.90832930000002","62","中部"
"金澤車站","36.5780574","136.6486596","100","中部"
"綠洲21","35.170900700000004","136.909673","32","中部"
"長町武家屋敷","36.5636733","136.6507521","24","中部"
"白川鄉合掌村","36.2560756","136.90617959999997","131","中部"
"犬山城","35.3883547","136.9391775","98","中部"
"高山城","36.135815799999996","137.26312230000002","19","中部"
"高山古街","36.141290399999995","137.25964230000002","17","中部"
"高岡古城公園","36.7486659","137.02148219999998","11","中部"
"瑞龍寺","36.7356222","137.0104682","17","中部"
"高岡城","36.7485197","137.020817","19","中部"
"懷華樓","36.5723521","136.66708549999998","12","中部"
"輪島朝市","37.396595100000006","136.9017367","7","中部"
"富岩運河環水公園","36.709414","137.2124899","9","中部"
"雨晴海岸","36.816551399999994","137.0386417","19","中部"
"千里濱","36.8946655","136.77345640000001","2","中部"
"飛驒國分寺","36.143321","137.253628","16","中部"
"日枝神社","35.674710299999994","139.73955569999998","40","中部"
"富山縣","36.6952907","137.21133830000002","77","中部"
"岐阜城","35.433918","136.7820713","26","中部"
"地獄谷野猿公苑","36.732655","138.462145","7","中部"
"志賀高原滑雪場","36.7052466","138.5080174","1","中部"
"野澤溫泉","36.9229021","138.4406411","4","中部"
"上田城","36.404066","138.244278","30","中部"
"小諸城","36.3271098","138.41754640000002","8","中部"
"能登半島","37.256566","136.87866200000002","18","中部"
"富山城","36.692836","137.211447","27","中部"
"山梨縣","35.6641575","138.5684486","108","中部"
"富山空港","36.64379539999999","137.18950890000002","13","中部"
"石和溫泉","35.6518656","138.635545","3","中部"
"白骨溫泉","36.1554919","137.62550269999997","11","中部"
"昇仙峽","35.7452718","138.5673637","5","中部"
"湯之國之森","36.324475","136.43668","4","中部"
"立山駅","36.5832797","137.4453504","13","中部"
"輕井澤","36.3482902","138.596955","370","中部"
"東山動植物園","35.156231700000006","136.9801784","10","中部"
"淺間溫泉","36.261127200000004","137.986182","13","中部"
"下呂溫泉","35.8088674","137.2435585","42","中部"
"久能山東照宮","34.964846","138.467599","17","中部"
"加賀屋","35.6302856","139.7904154","11","中部"
"和倉溫泉","37.0868079","136.9185733","11","中部"
"奧飛驒溫泉","36.2255705","137.531133","22","中部"
"石川縣","36.5946816","136.6255726","70","中部"
"妙立寺","36.5553357","136.6490026","8","中部"
"大室山","34.9031665","139.0944694","20","中部"
"御殿場outlet","35.3074881","138.96245919999998","32","中部"
"淺間神社","34.911959700000004","139.91782769999998","42","中部"
"安曇野","36.303951","137.9058011","26","中部"
"別所溫泉","36.350268299999996","138.1553731","7","中部"
"高島城","36.03979020000001","138.11202590000002","17","中部"
"善光寺","36.6617009","138.1877116","41","中部"
"穂高神社","36.338691","137.884324","3","中部"
"鶴岡八幡宮","35.32609779999999","139.55641310000001","116","中部"
"高遠城","35.833037","138.0619632","16","中部"
"田原城","34.673947399999996","137.2695404","1","中部"
"駿府城公園","34.9790053","138.3831467","7","中部"
"駿府城","34.977833000000004","138.382703","22","中部"
"加賀溫泉","36.32055","136.350315","27","中部"
"鶴仙溪","36.24106389999999","136.3714458","5","中部"
"千石園地","36.268488399999995","137.6042626","2","中部"
"白馬溫泉","36.697388000000004","137.855595","2","中部"
"香嵐溪","35.1302882","137.313242","7","中部"
"香積寺","35.130958","137.314501","6","中部"
"白絲瀑布","35.3129923","138.5873496","17","中部"
"那谷寺","36.313409","136.4203487","1","中部"
"尾山神社","36.56631369999999","136.65573830000002","33","中部"
"武家屋敷跡野村家","36.564111100000005","136.65008590000002","3","中部"
"二見興玉神社","34.508964","136.787857","11","中部"
"清里高原","35.9345185","138.4199395","8","中部"
"下呂温泉","35.8088674","137.2435585","2","中部"
"石川門","36.565355800000006","136.66134619999997","17","中部"
"高山中橋","36.1400228","137.259206","1","中部"
"松代城","36.5659309","138.1960671","10","中部"
"海津城","36.5659309","138.1960671","6","中部"
"小丸山城","37.0456542","136.96012109999998","2","中部"
"豐田汽車博物館","35.1819953","136.8765509","3","中部"
"中部空港","34.8590935","136.81460049999998","16","中部"
"宗祗水","35.74999280000001","136.9562094","2","中部"
"掛川城","34.7752332","138.01389369999998","13","中部"
"晴空塔","35.7100627","139.8107004","909","關東"
"原宿","35.6716283","139.7102847","541","關東"
"東京","35.70902589999999","139.73199250000002","6442","關東"
"淺草寺","35.7147651","139.7966553","620","關東"
"明治神宮","35.6763976","139.69932590000002","580","關東"
"井之頭公園","35.6997435","139.5731906","108","關東"
"銀座","35.6721142","139.7708253","950","關東"
"三鷹之森吉卜力美術館","35.696238","139.57043169999997","63","關東"
"築地市場","35.6654861","139.77066680000001","415","關東"
"成田機場","35.7719867","140.3928501","924","關東"
"五重塔","35.312125","139.489674","406","關東"
"雷門","35.7110584","139.7963664","552","關東"
"御殿場","35.3085842","138.9345062","130","關東"
"展望台","35.729387","139.718191","1472","關東"
"品川水族館","35.588476","139.7375007","1","關東"
"東京鐵塔","35.6585805","139.74543290000003","830","關東"
"六本木","35.6641222","139.729426","590","關東"
"秋葉原","35.702069099999996","139.7753269","537","關東"
"台場","35.6247918","139.776711","793","關東"
"淺草神社","35.715082200000005","139.7974552","38","關東"
"台場海濱公園","35.6307374","139.7760447","77","關東"
"彩虹大橋","35.6365639","139.76314430000002","141","關東"
"東京灣","35.553888","139.89569430000003","114","關東"
"橫濱","35.4437078","139.6380256","605","關東"
"鎌倉大佛","35.3166995","139.53615359999998","62","關東"
"江島神社","35.3002485","139.480048","57","關東"
"高德院","35.3166995","139.53615359999998","69","關東"
"江之島","35.301279","139.4810007","296","關東"
"赤羽橋","35.655002200000006","139.74354340000002","121","關東"
"東京巨蛋","35.7056396","139.7518913","161","關東"
"上野恩賜公園","35.714975200000005","139.7724738","117","關東"
"森美術館","35.660374700000006","139.7292313","172","關東"
"高田馬場","35.7131017","139.700335","17","關東"
"芝公園","35.65493800000001","139.7479837","71","關東"
"東京車站","35.681298","139.7662469","676","關東"
"築地本願寺","35.6664743","139.7723221","47","關東"
"靖國神社","35.694136","139.743849","117","關東"
"六本木之丘","35.660463799999995","139.7292487","113","關東"
"東京地鐵","35.681298","139.7662469","181","關東"
"忠犬八公像","35.65905479999999","139.70056619999997","6","關東"
"目黑川","35.64428770000001","139.6990956","99","關東"
"皇居","35.685175","139.7527995","225","關東"
"國立西洋美術館","35.7153869","139.7758138","15","關東"
"增上寺","35.6574236","139.7482079","110","關東"
"上野公園","35.714975200000005","139.7724738","327","關東"
"目黑雅敘園","35.631378999999995","139.715256","4","關東"
"千鳥之淵","35.6896487","139.74864230000003","97","關東"
"神保町","35.698080100000006","139.7563143","36","關東"
"東京都美術館","35.717181","139.772818","7","關東"
"東京國立近代美術館","35.6905432","139.7546932","6","關東"
"東京國立博物館","35.7188351","139.7765215","22","關東"
"東京迪士尼樂園","35.6328964","139.88039430000003","112","關東"
"江戶城","35.687746999999995","139.75468999999998","103","關東"
"根津美術館","35.662243","139.717093","7","關東"
"竹下通","35.671407099999996","139.7039096","243","關東"
"皇居東御苑","35.686940299999996","139.75677969999998","21","關東"
"二重橋","35.680226","139.75359450000002","39","關東"
"東京天空樹","35.7100627","139.8107004","35","關東"
"高尾山","35.6251209","139.24365930000002","57","關東"
"明治神宮外苑","35.6787954","139.71759450000002","48","關東"
"今戶神社","35.7193061","139.803541","34","關東"
"淺草觀音寺","35.7147651","139.7966553","65","關東"
"神田明神","35.7020403","139.76802680000003","14","關東"
"江戶東京博物館","35.6965972","139.79573359999998","24","關東"
"國技館","35.6969104","139.7935116","14","關東"
"鷲神社","35.722501","139.79196100000001","2","關東"
"水天宮","35.683663200000005","139.78506299999998","48","關東"
"國立新美術館","35.665289","139.726374","35","關東"
"東京都庭園美術館","35.6369465","139.71904080000002","1","關東"
"澀谷站","35.6580339","139.7016358","33","關東"
"丸之內","35.677330100000006","139.76521440000002","254","關東"
"華嚴瀑布","36.7379925","139.5020685","72","關東"
"中禪寺湖","36.7329036","139.4821986","131","關東"
"不忍池","35.7116568","139.7704851","87","關東"
"墨田水族館","35.7100244","139.80979330000002","14","關東"
"深大寺","35.667515","139.550461","48","關東"
"鬼太郎茶屋","35.6669065","139.54951069999998","28","關東"
"鎌倉高校前站","35.306719","139.500498","17","關東"
"湘南海岸","35.313741500000006","139.4752678","73","關東"
"草津溫泉","36.6208435","138.59642309999998","65","關東"
"北輕井澤","36.34758","138.592599","5","關東"
"小江戶川越","35.907525","139.48351350000002","34","關東"
"富岳風穴","35.4775328","138.65713300000002","17","關東"
"杯麵博物館","35.509853","139.6145449","24","關東"
"山下公園","35.4459317","139.6493823","67","關東"
"偕樂園","36.37262630000001","140.45217649999998","40","關東"
"袋田瀑布","36.764548600000005","140.4071966","17","關東"
"蘆之湖","35.2095674","139.0034626","152","關東"
"忍野八海","35.4607382","138.8329494","51","關東"
"元箱根","35.2032764","139.03095919999998","86","關東"
"箱根町","35.232355299999995","139.1069375","88","關東"
"箱根纜車","35.246463","139.035595","13","關東"
"神樂坂","35.7019042","139.7404624","57","關東"
"鬼子母神","35.7221261","139.71330580000003","34","關東"
"常陸海濱公園","36.4019017","140.5918853","21","關東"
"善國寺","35.7013945","139.7394497","18","關東"
"新宿御苑","35.68517629999999","139.7100517","210","關東"
"龜戶天神社","35.70307329999999","139.8206484","8","關東"
"根津神社","35.7202332","139.7607381","43","關東"
"喜多院","35.917527","139.488999","60","關東"
"橫濱中華街","35.442359100000004","139.6463881","28","關東"
"涉谷","35.659508200000005","139.7058144","256","關東"
"宮崎駿美術館","35.696238","139.57043169999997","38","關東"
"東京大學","35.712677500000005","139.761989","142","關東"
"新勝寺","35.786095","140.318286","14","關東"
"羽田空港","35.549393200000004","139.7798386","99","關東"
"六義園","35.732881799999994","139.7461829","59","關東"
"中橋","36.139996999999994","137.259214","27","關東"
"龍頭瀑布","36.7588652","139.45133069999997","40","關東"
"惠比壽花園廣場","35.642145","139.71348700000001","32","關東"
"雲場池","36.35093870000001","138.6268283","88","關東"
"日比谷公園","35.671838799999996","139.75514569999999","28","關東"
"河口湖天上山公園","35.503983399999996","138.772079","13","關東"
"相模灣","35.2102087","139.4059435","21","關東"
"源平池","35.3238675","139.5553438","8","關東"
"陽明門","36.7577336","139.59878999999998","33","關東"
"上野動物園","35.7164535","139.7713177","90","關東"
"舊輕井澤銀座","36.3573715","138.6343195","23","關東"
"葛西臨海公園","35.6422653","139.86030290000002","10","關東"
"高原教堂","36.358117","138.589361","30","關東"
"石之教會","36.356321","138.58711100000002","19","關東"
"石之教堂","36.356321","138.58711100000002","51","關東"
"下北澤","35.66155","139.667111","53","關東"
"古都鎌倉","35.3096742","139.5461855","13","關東"
"信州","35.666301000000004","139.759621","91","關東"
"麵包超人博物館","35.458431700000006","139.6257772","68","關東"
"熱海梅園","35.0976594","139.0594587","2","關東"
"藤子F不二雄","35.6099799","139.573571","12","關東"
"原宿竹下通","35.671407099999996","139.7039096","29","關東"
"大湧谷","35.2431054","139.01988400000002","47","關東"
"東京大神宮","35.6999795","139.7468816","30","關東"
"平和公園","35.594729","140.20283","63","關東"
"隅田公園","35.710972600000005","139.79868080000003","73","關東"
"鬼怒川溫泉","36.822609","139.716556","36","關東"
"箱根海賊船","35.1900114","139.02451399999998","19","關東"
"小石川後樂園","35.7054498","139.74966669999998","39","關東"
"新橫濱拉麵博物館","35.509853","139.6145449","13","關東"
"舊古河庭園","35.7431021","139.7466984","12","關東"
"新宿中央公園","35.689116600000006","139.6897193","10","關東"
"野邊山車站","35.955284999999996","138.474421","3","關東"
"湯島天滿宮","35.707818200000006","139.7682188","34","關東"
"伊豆半島","34.856636","138.93859799999998","54","關東"
"龍王峽","36.85961280000001","139.7173707","23","關東"
"小網神社","35.684124","139.78046899999998","2","關東"
"豐川稻荷東京別院","35.6763119","139.73286519999996","1","關東"
"國營昭和紀念公園","35.719609600000005","139.39862230000003","17","關東"
"護國寺","35.7217463","139.7256126","17","關東"
"巢鴨車站","35.733705","139.740349","3","關東"
"三溪園","35.417967","139.661428","6","關東"
"日本武道館","35.6933175","139.749885","11","關東"
"泉岳寺","35.6377136","139.7363091","25","關東"
"日光東照宮","36.757158000000004","139.59968999999998","61","關東"
"輕井澤銀座","36.3573715","138.6343195","6","關東"
"成田山新勝寺","35.786095","140.318286","22","關東"
"箱根關所","35.192440600000005","139.02621330000002","26","關東"
"千鳥淵","35.6896487","139.74864230000003","10","關東"
"東鄉神社","35.6717973","139.7058476","7","關東"
"小田原城","35.25094929999999","139.1535136","58","關東"
"舊三笠賓館","36.37319919999999","138.62624219999998","4","關東"
"駿河灣","34.867241799999995","138.4787258","21","關東"
"箱根園","35.2126047","139.0095357","13","關東"
"伊豆高原","34.8777634","139.1083503","17","關東"
"萌木之村","35.915191","138.44278400000002","14","關東"
"報國寺","35.320001","139.56921599999998","6","關東"
"鴨川海洋世界","35.1160108","140.12045880000002","3","關東"
"福岡空港","33.590314500000005","130.4467091","110","九州"
"門司港","33.9461135","130.962684","256","九州"
"赤間神宮","33.959813200000006","130.9484723","45","九州"
"黑川溫泉","33.0782321","131.1569366","80","九州"
"福岡機場","33.590314500000005","130.4467091","237","九州"
"哥拉巴園","32.7340495","129.8690093","42","九州"
"長崎港","32.7483794","129.86767749999999","68","九州"
"端島","32.62783280000001","129.7385884","29","九州"
"軍艦島","32.62783280000001","129.7385884","81","九州"
"大浦天主堂","32.7341535","129.8701372","74","九州"
"二日市駅","33.494887","130.518317","5","九州"
"熊本城","32.8061859","130.70583349999998","340","九州"
"武雄溫泉","33.1964702","130.0230864","23","九州"
"中洲","33.59250170000001","130.4063956","150","九州"
"豪斯登堡","33.0863476","129.7872189","146","九州"
"御船山樂園","33.181354999999996","130.0172336","14","九州"
"鹿兒島","31.5965535","130.55711580000002","374","九州"
"水前寺","32.797243","130.73987549999998","65","九州"
"道後溫泉","33.850001","132.78333329999998","121","九州"
"小倉城","33.884431","130.87426100000002","75","九州"
"金麟湖","33.2667847","131.3690999","75","九州"
"大濠公園","33.5858152","130.3764135","72","九州"
"高千穗峽","32.7019286","131.30090049999998","61","九州"
"青島神社","31.804261","131.475409","27","九州"
"九重夢大吊橋","33.1738513","131.22678200000001","22","九州"
"崇福寺","32.742289299999996","129.8836001","7","九州"
"鹿兒島空港","31.8028526","130.71802340000002","13","九州"
"海地獄","33.316063","131.469008","37","九州"
"別府溫泉","33.2790431","131.5019445","23","九州"
"唐船峽","31.220175","130.54265800000002","8","九州"
"湯之坪街道","33.265611199999995","131.3600386","41","九州"
"阿蘇山","32.8869197","131.0841068","83","九州"
"由布院溫泉","33.265652100000004","131.3628287","30","九州"
"太宰府天滿宮","33.5214866","130.5348647","140","九州"
"福岡城","33.584392799999996","130.3831041","59","九州"
"博多運河城","33.5895256","130.4114425","104","九州"
"櫛田神社","33.5929059","130.4104437","110","九州"
"仙巌園","31.618049","130.578497","2","九州"
"宮崎機場","31.8762088","131.4473225","7","九州"
"能古島","33.6222216","130.30631","16","九州"
"岡城","32.9691026","131.40776770000002","12","九州"
"內城","33.241335","131.611716","19","九州"
"春帆樓","33.959272","130.948015","32","九州"
"巖流島","33.933333000000005","130.93027800000002","26","九州"
"唐津城","33.4535433","129.9781934","12","九州"
"杵築城","33.414696","131.627827","6","九州"
"JR博多城","33.5902766","130.4199145","17","九州"
"秋月城","33.465855600000005","130.69537979999998","9","九州"
"稻佐山夜景","32.757035800000004","129.8433888","49","九州"
"河內藤園","33.8312121","130.7924719","15","九州"
"飫肥城","31.629105699999997","131.3503041","17","九州"
"鵜戶神宮","31.650290000000002","131.466329","23","九州"
"有田陶瓷","33.194331","129.8755804","18","九州"
"吉野里歷史公園","33.32486289999999","130.3845406","13","九州"
"錦江灣","31.35468659999999","130.67528529999998","42","九州"
"鹿兒島港","31.590290000000003","130.5631","13","九州"
"天守閣","32.806051000000004","130.70584","806","九州"
"嬉野溫泉","33.0972438","129.98928659999999","14","九州"
"東長寺","33.5952135","130.41414640000002","16","九州"
"池田湖","31.235140700000002","130.5635665","17","九州"
"霧島神宮","31.858650399999995","130.8713314","36","九州"
"舞鶴城","33.585242","130.383173","11","九州"
"人吉城","32.2106767","130.7665374","8","九州"
"天神商圈","33.58995170000001","130.399472","12","九州"
"指宿車站","31.236949","130.64258600000002","21","九州"
"球磨川","32.463291","130.612566","19","九州"
"西大山車站","31.1902783","130.5765081","4","九州"
"磯庭園","31.618049","130.578497","8","九州"
"佐賀城","33.2457553","130.302123","11","九州"
"有田燒","33.181806","129.866899","15","九州"
"宇佐神宮","33.5260019","131.3746381","7","九州"
"菊池溪谷","33.004190200000004","130.9270856","2","九州"
"金刀比羅宮","34.183991799999994","133.8093445","110","九州"
"栗林公園","34.330483","134.04443","61","九州"
"糸島","33.5573203","130.195555","3","九州"
"島原城","32.789256800000004","130.3673607","15","九州"
"鶴丸城","31.598259600000002","130.5544117","7","九州"
"鹿兒島城","31.598259600000002","130.5544117","8","九州"
"櫻島活火山","31.583333000000003","130.646525","4","九州"
"雲仙溫泉","32.7423912","130.2599414","2","九州"
"太宰府駅","33.5190524","130.53133119999998","13","九州"
"大分城","33.240650300000006","131.6114323","1","九州"
"西之表港","30.731645","130.989894","2","九州"
"鐵輪溫泉","33.316361","131.4780487","5","九州"
"柳川城","33.1607476","130.400849","6","九州"
"指宿駅","31.236949","130.64258600000002","3","九州"
"太鼓橋","34.612509","135.49221730000002","25","九州"
"太宰府天満宮","33.5214866","130.5348647","19","九州"
"南關","33.061619","130.54113600000002","7","九州"
"別府塔","33.281710100000005","131.5059824","9","九州"
"杖立","33.1828647","131.0344512","7","九州"
"皿倉山","33.846334999999996","130.7966973","19","九州"
"承天寺","33.595228999999996","130.417081","9","九州"
"志賀島","33.66775139999999","130.3037572","2","九州"
"府內城","33.240650300000006","131.6114323","7","九州"
"日清講和記念館","33.959008399999995","130.94835","7","九州"
"杖立溫泉","33.1828647","131.0344512","4","九州"
"西海橋","33.053108","129.75784199999998","1","九州"
"原城","32.6349154","130.25868290000003","12","九州"
"薩摩半島","31.475524","130.411834","7","九州"
"銀杏城","32.8061859","130.70583349999998","18","九州"
"祐德稻荷神社","33.073479999999996","130.108253","9","九州"
"鶴見岳","33.286574","131.4296907","7","九州"
"別府港","36.10737719999999","133.041825","2","九州"
"阿蘇五嶽","32.8869197","131.0841068","1","九州"
"防府天満宮","34.063314","131.574094","1","九州"
"水城","33.525655","130.493877","22","九州"
"志布志港","31.471909000000004","131.107216","1","九州"
"指宿溫泉","31.2231773","130.6550687","5","九州"
"長崎平和公園","32.77544","129.86303329999998","5","九州"
"八代城","32.5074578","130.5998923","1","九州"
"臼杵城","33.1214743","131.8041655","4","九州"
"長湯溫泉","33.066947","131.373629","2","九州"
"仙嚴園","31.618049","130.578497","5","九州"
"中頭郡","26.3752782","127.75565559999998","49","沖繩"
"名護市","26.591546500000003","127.9773162","72","沖繩"
"読谷村","26.3960554","127.74427720000001","24","沖繩"
"御菓子御殿","26.5065067","127.8785949","70","沖繩"
"國際通","26.2151942","127.6849187","633","沖繩"
"首里城","26.2170135","127.71952079999998","327","沖繩"
"沖繩","26.2124013","127.6809317","1650","沖繩"
"那霸","26.2123124","127.6791568","560","沖繩"
"古宇利島","26.707794300000003","128.0178255","147","沖繩"
"萬座毛","26.504949100000005","127.85014550000001","193","沖繩"
"波之上海灘","26.220726000000003","127.671099","49","沖繩"
"波上宮","26.220726000000003","127.671099","168","沖繩"
"那霸機場","26.206403299999998","127.6465422","216","沖繩"
"金城町石疊道","26.217197","127.71576999999999","23","沖繩"
"浦添市","26.2458164","127.7217987","26","沖繩"
"港川外人住宅","26.263162","127.71585159999998","36","沖繩"
"榮町市場","26.216439","127.696568","16","沖繩"
"國頭郡","26.657401699999998","128.1688559","38","沖繩"
"古宇利大橋","26.707794300000003","128.0178255","143","沖繩"
"座喜味城","26.408571999999996","127.741653","22","沖繩"
"那霸市","26.2123124","127.6791568","333","沖繩"
"殘波岬燈塔","26.4410614","127.71377849999999","29","沖繩"
"國場川","26.198309899999998","127.6873149","4","沖繩"
"新都心","26.229809999999997","127.69277199999999","191","沖繩"
"普天間宮","26.292857899999998","127.77724199999999","3","沖繩"
"勝連城跡","26.3312363","127.8809925","39","沖繩"
"海中道路","26.331641499999996","127.9244643","56","沖繩"
"古宇利","26.6974104","128.0169319","88","沖繩"
"浦添大公園","26.2545642","127.72576200000002","35","沖繩"
"瀨長島","26.1755504","127.6424959","22","沖繩"
"豐見城市","26.1610061","127.668944","12","沖繩"
"奧武山公園","26.2007597","127.6752947","32","沖繩"
"西松屋","26.228649","127.691736","94","沖繩"
"永旺夢樂城沖繩來客夢","26.3142733","127.7961686","26","沖繩"
"美麗海水族館","26.694158","127.877932","162","沖繩"
"北谷美國村","26.316402000000004","127.75729809999999","8","沖繩"
"海洋博公園","26.691026500000003","127.87859650000001","103","沖繩"
"琉球村","26.429480600000005","127.7752632","113","沖繩"
"沖繩美麗海水族館","26.694158","127.877932","64","沖繩"
"真榮田岬","26.4450618","127.77142520000001","49","沖繩"
"水納島","26.648064","127.816775","7","沖繩"
"沖繩市","26.3344266","127.80558319999999","35","沖繩"
"石垣島","24.4064027","124.1754442","194","沖繩"
"大泊海灘","26.393645899999996","127.99160559999999","5","沖繩"
"川平灣","24.4523005","124.1434588","60","沖繩"
"慶良間諸島","26.200034","127.33333329999999","6","沖繩"
"奧武島","26.1300646","127.772922","16","沖繩"
"永旺商城","26.314266999999997","127.79618500000001","2","沖繩"
"糸滿市","26.123584100000002","127.6658145","6","沖繩"
"南城市","26.144451899999996","127.7669666","36","沖繩"
"西表島","24.3300613","123.81879769999999","35","沖繩"
"石垣港","24.3378604","124.14896100000001","30","沖繩"
"泊城","26.3638344","127.7386389","1","沖繩"
"宮古島","24.767366600000003","125.32467690000001","38","沖繩"
"今歸仁城跡","26.6912793","127.9290226","41","沖繩"
"下地島","24.8183207","125.1543783","6","沖繩"
"牧志第一公設市場","26.2145429","127.688281","7","沖繩"
"玉泉洞王國村","26.1398048","127.7503544","26","沖繩"
"東平安名岬","24.719479999999997","125.46829709999999","2","沖繩"
"通池","24.826117","125.136179","2","沖繩"
"琉球玻璃村","26.097626","127.677176","4","沖繩"
"安座真SanSan海灘","26.1781228","127.8291689","1","沖繩"
"知念岬公園","26.1667342","127.82972040000001","8","沖繩"
"福州園","26.2180561","127.67547730000001","24","沖繩"
"BIOS之丘","26.422936","127.796155","14","沖繩"
"座喜味城跡","26.408571999999996","127.741653","25","沖繩"
"大石林山","26.8619903","128.25515090000002","11","沖繩"
"萬國津梁館","26.5428016","127.93378600000001","1","沖繩"
"中城城","26.283500699999998","127.79967079999999","26","沖繩"
"識名園","26.2041322","127.7152936","24","沖繩"
"伊計海灘","26.3914364","127.9931342","5","沖繩"
"垣花樋川","26.1483967","127.7956585","1","沖繩"
